1|Kirby|Vega|dolor.dolor@etmagna.ca|Kearney
2|Sara|Yates|id.magna@mauriseu.co.uk|Almere
3|Ursa|Roberts|Cras@quispede.net|Felixstowe
4|Olga|Garcia|malesuada.fames@tincidunt.edu|San Antonio
5|Nigel|Flynn|tempus.non@turpis.edu|Brampton
6|Kevin|West|vel@auctorvelitAliquam.org|Uppingham. Cottesmore
7|Amena|Ferguson|Morbi@velesttempor.net|Inverbervie
8|Rylee|Cantu|tellus@euismodmauris.edu|Alexandria
9|Aidan|Rhodes|ipsum@blanditat.com|Kearney
10|Thor|Graves|tellus.Phasellus@ametmetus.com|Preston
11|Nina|Ramirez|Sed.pharetra.felis@quam.com|Golspie
12|Levi|Delaney|dis@faucibus.edu|Portree
13|Barbara|Stanley|arcu.Vestibulum@Sedidrisus.com|Lincoln
14|Signe|Cardenas|montes@placeratvelit.co.uk|Watford
15|Xyla|Garcia|eu@egestas.co.uk|Musselburgh
16|Cynthia|Sampson|Aenean.sed@eleifend.com|Prestatyn
17|Nero|Mclean|mattis.Integer.eu@SedmolestieSed.ca|Keswick
18|Kermit|Cannon|Nam.ligula@malesuadaid.co.uk|Jefferson City
19|Hiram|Hunter|at.nisi@sapien.edu|Rockford
20|Tarik|Figueroa|a@Sednecmetus.ca|Brecon
21|Elizabeth|Neal|nec.luctus.felis@dignissimlacus.ca|Bolton
22|Quamar|Burgess|non@lacuspedesagittis.co.uk|Grafton
23|Jasmine|Lowery|at@dictum.net|Keswick
24|Imelda|Gaines|penatibus.et.magnis@cursusvestibulum.edu|Provo
25|Coby|Duncan|dui@egestasAliquamnec.org|Helena
26|Jenette|Randall|rutrum.non.hendrerit@nisimagnased.org|Nieuwegein
27|Maile|Burt|sem@diamluctuslobortis.ca|Cleveland
28|Hanna|Delacruz|vitae.posuere.at@quamquisdiam.org|Alva
29|Suki|Richard|vitae.purus@eunibh.com|Sandy
30|Sheila|Morrow|rhoncus.id.mollis@eu.edu|San Diego
31|Idona|Vinson|Nunc@sitamet.ca|Rothesay
32|Fritz|Gross|semper.Nam.tempor@nonsapienmolestie.co.uk|Dereham
33|John|Quinn|sagittis.Duis@sed.com|Gary
34|Indigo|Briggs|sit@odioPhasellus.co.uk|Cirencester
35|Iona|Buck|sed@facilisiSed.edu|Penrith
36|Ezekiel|Mitchell|odio@Nullatinciduntneque.edu|Nottingham
37|Audrey|Wilkerson|nulla@ut.ca|Norwich
38|Serena|Long|at.nisi@lorem.edu|Lampeter
39|Shoshana|Fernandez|urna.suscipit.nonummy@posuerecubilia.net|Salem
40|Angelica|Schneider|sagittis@dolordolortempus.edu|Tillicoultry
41|Mara|Gilbert|Aliquam@nislQuisquefringilla.co.uk|Penrith
42|Gil|Larsen|lacinia@Nunc.ca|Minneapolis
43|Rylee|Dickson|nulla.Integer.vulputate@vitaepurus.net|Memphis
44|Tatyana|Cameron|egestas.Sed@atortorNunc.org|New Quay
45|Travis|Malone|ornare.elit@odioauctorvitae.co.uk|Sterling Heights
46|Jordan|Ramos|magna.Duis@nisimagnased.net|Kendal
47|Sarah|Goff|molestie.arcu@Aliquam.net|Gateshead
48|Julian|Stevens|turpis.non@sedhendrerit.org|Fort Collins
49|Yoshio|Manning|eleifend.nec@et.org|March
50|Elmo|Mueller|dolor@massaSuspendisse.ca|Groningen
51|Bruno|Murray|egestas.a@facilisiseget.edu|Crawley
52|Kaye|Hendrix|rutrum@Suspendisse.org|Bunbury
53|Vielka|Ayala|Pellentesque@aliquetmagna.org|Haddington
54|Troy|Ballard|ullamcorper.viverra@Donec.org|Merritt
55|Leo|Juarez|Nunc.sed.orci@mollisvitaeposuere.org|Flin Flon
56|Francesca|Parks|mauris.sit.amet@Nuncacsem.org|Grand Rapids
57|Donna|Collier|Fusce@Cumsociisnatoque.com|Scarborough
58|Lara|Spencer|neque.tellus@orciluctuset.co.uk|Sacramento
59|Dolan|Melton|tellus.Suspendisse.sed@dictumeuplacerat.org|Invergordon
60|Dolan|Paul|id@diamluctuslobortis.edu|Assen
61|Kyle|Mcdaniel|est@musAenean.ca|St. Ives
62|Sonya|Gonzales|Vivamus@duiSuspendisse.com|Grand Rapids
63|Hilel|Walsh|nec.tempus.mauris@etmagnisdis.org|Kinross
64|Constance|Nash|sapien@semper.net|Jackson
65|Jesse|Preston|Nam.nulla.magna@dolorvitaedolor.ca|Kircudbright
66|Hammett|Greer|ipsum@miDuis.edu|Weymouth
67|Grace|Bright|semper.erat@cursusa.co.uk|Ramara
68|Ryan|Mason|faucibus.lectus.a@imperdiet.edu|Sromness
69|Michael|Preston|risus@odioauctorvitae.ca|Charlotte
70|Judah|Rhodes|Fusce.aliquet@veliteget.net|Delft
71|Caesar|Arnold|eros.Proin.ultrices@consequat.co.uk|Bellevue
72|Pearl|Alston|Integer.sem@erosNamconsequat.com|Georgia
73|Eve|Nash|ridiculus.mus.Proin@egetmetuseu.edu|Dunbar
74|Megan|Hart|tempus.mauris.erat@Donecnibh.com|Gresham
75|Jordan|Cobb|sagittis@tinciduntcongueturpis.co.uk|Lafayette
76|Clementine|Dennis|tellus.Phasellus.elit@egetmassa.edu|Lichfield
77|Dara|Mccoy|purus.Maecenas.libero@nonnisiAenean.net|Clackmannan
78|Cullen|Glover|luctus.aliquet.odio@egestas.org|Aurora
79|Laura|Barnes|Morbi.vehicula.Pellentesque@sapienNuncpulvinar.net|Loughborough
80|Preston|Pearson|mi.tempor@eratnonummyultricies.edu|Southaven
81|Kyle|Copeland|non.enim.Mauris@viverraDonec.ca|Joondalup
82|Carly|Skinner|sit@luctus.co.uk|Newbury
83|Len|Guerra|Ut@tellusSuspendisse.com|Helena
84|Dolan|Miller|Vestibulum.accumsan.neque@malesuadaid.net|Laurencekirk
85|Sade|Vincent|Nulla@tristiqueaceleifend.co.uk|Gjoa Haven
86|Denton|Vaughan|ipsum.Phasellus.vitae@purusgravida.co.uk|Bolton
87|Zane|Boone|montes@ac.net|West Jordan
88|Lance|Mercado|blandit.mattis.Cras@idlibero.net|Tenby
89|Christine|Welch|elementum.purus@ipsumdolorsit.co.uk|Callander
90|Anika|Hoover|lectus@nuncsitamet.edu|Bedford
91|Daria|Horton|eget.volutpat.ornare@Etiamgravidamolestie.net|Auburn
92|Dustin|Cruz|luctus.Curabitur@duiFuscediam.com|Melville
93|Celeste|Calderon|nec.malesuada@elementum.co.uk|Broken Arrow
94|Yolanda|Oneal|Quisque.varius.Nam@Quisqueaclibero.ca|Shaftesbury
95|Marah|Leblanc|vulputate.eu.odio@dolor.ca|Bellevue
96|Kelly|Adkins|dui.quis@id.org|Venlo
97|Reese|Melendez|sociis.natoque@purusactellus.ca|West Fargo
98|Seth|Alexander|Duis.ac@Curabiturdictum.com|Haverhill
99|Adrienne|Dennis|Nunc.mauris.Morbi@turpisnon.ca|Caernarfon
100|Kenneth|Fry|Duis@vestibulummassa.edu|Kington
